<?xml version="1.0" encoding="ISO-8859-15"?>
<uc-export clientvers="12.0.1+build.8521">
<FolderStruct>
<includeExternalObjects>0</includeExternalObjects>
<FOLD name="PCK.CUSTOM_USING_SUDO_ON_UNIX" title="">
<VARA id="1265020" link="0" name="PCK.CUSTOM_USING_SUDO_ON_UNIX.PUB.VAR.METADATA"/>
<FOLD name="ACTIONS" title="">
<FOLD name="SUDO" title="">
<JOBP id="1265034" link="1" name="PCK.CUSTOM_USING_SUDO_ON_UNIX.PUB.ACTION.USING_SUDO_UNDER_UNIX"/>
</FOLD>
</FOLD>
<FOLD name="CONFIG" title="">
<VARA id="1265021" link="0" name="PCK.CUSTOM_USING_SUDO_ON_UNIX.PUB.PROMPT_EXTERNAL_MAP"/>
</FOLD>
<FOLD name="DOCUMENTATION" title="">
<DOCU id="1265022" link="0" name="PCK.CUSTOM_USING_SUDO_ON_UNIX.PUB.DOC"/>
<DOCU id="1265023" link="0" name="PCK.CUSTOM_USING_SUDO_ON_UNIX.PUB.LICENSES"/>
</FOLD>
<FOLD name="RESOURCES" title="">
<FOLD name="INTERPRETERS" title=""/>
<FOLD name="LIBS" title=""/>
<FOLD name="SCRIPTS" title=""/>
</FOLD>
<FOLD name="SOURCE" title="">
<FOLD name="USING_SUDO_UNDER_UNIX" title="">
<JOBP id="1265034" link="0" name="PCK.CUSTOM_USING_SUDO_ON_UNIX.PUB.ACTION.USING_SUDO_UNDER_UNIX"/>
<FOLD name="INTERNAL" title="">
<FOLD name="INCLUDES" title=""/>
<FOLD name="JOBS" title="">
<JOBS_UNIX id="1267011" link="0" name="PKG.USING.SUDO.UNIX.JS"/>
</FOLD>
<FOLD name="PROMPTSETS" title="">
<PRPT id="1265035" link="0" name="PCK.CUSTOM_USING_SUDO_ON_UNIX.PRV.PROMPTSET.USING_SUDO_UNDER_UNIX"/>
<PRPT id="1267012" link="0" name="PKG.PRPT.SUDO.USING.UNIX.CMD"/>
</FOLD>
<FOLD name="ROLLBACK" title=""/>
<FOLD name="VARIABLES" title=""/>
</FOLD>
</FOLD>
</FOLD>
<FOLD name="TEMPLATES" title=""/>
</FOLD>
</FolderStruct>
<VARA OVD_VRName="FREI" data_type="STATIC" name="PCK.CUSTOM_USING_SUDO_ON_UNIX.PUB.VAR.METADATA" replacementmode="2">
<HEADER state="1">
<Title/>
<ArchiveKey1/>
<ArchiveKey2/>
<OH_SubType>STATIC</OH_SubType>
</HEADER>
<ATTR_VARA state="1">
<Type>C|Text</Type>
<lblSource>Static</lblSource>
<source>STATIC</source>
<VRName>FREI|Freely selected</VRName>
<NotFoundErr>0</NotFoundErr>
<NotFoundDef>1</NotFoundDef>
<ShareN>0</ShareN>
<ShareL>0</ShareL>
<ShareR>0</ShareR>
<MaxValue_C>1024</MaxValue_C>
<CheckMax_C>0</CheckMax_C>
<uppercase>0</uppercase>
<sortColumn>0</sortColumn>
<sortDirection>0</sortDirection>
</ATTR_VARA>
<VARA state="1">
<Variables>
<row Name="Categories" Value="Unix SUDO" Value1="" Value2="" Value3="" Value4=""/>
<row Name="Company" Value="Automic" Value1="" Value2="" Value3="" Value4=""/>
<row Name="Dependencies" Value="PCK.ITPA_SHARED ~&gt; 1.1" Value1="" Value2="" Value3="" Value4=""/>
<row Name="Description" Value="Executing UNIX jobs using SUDO" Value1="" Value2="" Value3="" Value4=""/>
<row Name="Homepage" Value="community.automic.com" Value1="" Value2="" Value3="" Value4=""/>
<row Name="License" Value="" Value1="" Value2="" Value3="" Value4=""/>
<row Name="Name" Value="PCK.CUSTOM_USING_SUDO_ON_UNIX" Value1="" Value2="" Value3="" Value4=""/>
<row Name="Package Format Version" Value="0.3.0" Value1="" Value2="" Value3="" Value4=""/>
<row Name="Title" Value="Using SUDO on unix" Value1="" Value2="" Value3="" Value4=""/>
<row Name="Version" Value="1.0.0" Value1="" Value2="" Value3="" Value4=""/>
</Variables>
</VARA>
<DOCU_Docu state="1" type="text">
<DOC/>
</DOCU_Docu>
</VARA>
<VARA OVD_VRName="FREI" data_type="STATIC" name="PCK.CUSTOM_USING_SUDO_ON_UNIX.PUB.PROMPT_EXTERNAL_MAP" replacementmode="2">
<HEADER state="1">
<Title/>
<ArchiveKey1/>
<ArchiveKey2/>
<OH_SubType>STATIC</OH_SubType>
</HEADER>
<ATTR_VARA state="1">
<Type>C|Text</Type>
<lblSource>Static</lblSource>
<source>STATIC</source>
<VRName>FREI|Freely selected</VRName>
<NotFoundErr>0</NotFoundErr>
<NotFoundDef>1</NotFoundDef>
<ShareN>0</ShareN>
<ShareL>0</ShareL>
<ShareR>0</ShareR>
<MaxValue_C>1024</MaxValue_C>
<CheckMax_C>0</CheckMax_C>
<uppercase>0</uppercase>
<sortColumn>0</sortColumn>
<sortDirection>0</sortDirection>
</ATTR_VARA>
<VARA state="1">
<Variables>
<row Name="PCK.CUSTOM_USING_SUDO_ON_UNIX.PUB.ACTION.USING_SUDO_UNDER_UNIX/AGENT#" Value="&amp;AGENT#" Value1="" Value2="" Value3="" Value4=""/>
<row Name="PCK.CUSTOM_USING_SUDO_ON_UNIX.PUB.ACTION.USING_SUDO_UNDER_UNIX/LOGIN#" Value="&amp;LOGIN#" Value1="" Value2="" Value3="" Value4=""/>
</Variables>
</VARA>
<DOCU_Docu state="1" type="text">
<DOC/>
</DOCU_Docu>
</VARA>
<DOCU name="PCK.CUSTOM_USING_SUDO_ON_UNIX.PUB.DOC">
<HEADER state="1">
<Title>Pack Documentation</Title>
<ArchiveKey1/>
<ArchiveKey2/>
<OH_SubType/>
</HEADER>
<DOCU_Docu state="1" type="text">
<DOC><![CDATA[= About SUDO Action pack =
============================================
This Action Pack is intended to use SUDO in order to execute UNIX commands. 

It is useful for Unix Agents which does not run as root nor uses the sticky bit. SUDO allows to execute Jobs with a different user than the user which runs the Agent.

Not mention that the Action expects a correct sudoers configuration. 

Note this action pack uses the Sudo functions from ITPA Action pack which is only available on v12+.


= Setup =
========
No special setup required.


= Using the SUDO Action =
===============================================
Following configuration settings are available.

Sudo password: Password of the user which runs the Unix agent and *not* the user which is designated to run the UNIX command
Options: Make sure that the 'Sudo' options is set.
Sudo Username: The username which is designated to run the give UNIX commands

UNIX Commands: One or more UNIX commands to be executed by the designated user using Sudo. Automic variables can also be used.

Overwrite Agent: Name of the Unix Agent to be used to execute Sudo
Overwrite Login: Name of the Login Object for the user which executes the Action Job. It is the user which executes Sudo command. ]]></DOC>
</DOCU_Docu>
</DOCU>
<DOCU name="PCK.CUSTOM_USING_SUDO_ON_UNIX.PUB.LICENSES">
<HEADER state="1">
<Title/>
<ArchiveKey1/>
<ArchiveKey2/>
<OH_SubType/>
</HEADER>
<DOCU_Docu state="1" type="text">
<DOC/>
</DOCU_Docu>
</DOCU>
<JOBP AllowExternal="1" name="PCK.CUSTOM_USING_SUDO_ON_UNIX.PUB.ACTION.USING_SUDO_UNDER_UNIX">
<XHEADER state="1">
<Title>Using SUDO under UNIX</Title>
<ArchiveKey1/>
<ArchiveKey2/>
<Active>1</Active>
<OH_SubType/>
<CustomAttributes KeyListID="0" dataRequestID="0"/>
</XHEADER>
<SYNCREF state="1">
<Syncs/>
</SYNCREF>
<ATTR_JOBP state="1">
<Queue>CLIENT_QUEUE</Queue>
<ChildQueue>*OWN</ChildQueue>
<StartType/>
<ExtRepDef>1</ExtRepDef>
<ExtRepAll>0</ExtRepAll>
<ExtRepNone>0</ExtRepNone>
<IntAccount/>
<AutoDeactNo>0</AutoDeactNo>
<AutoDeact1ErrorFree>0</AutoDeact1ErrorFree>
<AutoDeactErrorFree>1</AutoDeactErrorFree>
<DeactWhen>ANY_OK</DeactWhen>
<AutoDeactAlways>0</AutoDeactAlways>
<DeactDelay>0</DeactDelay>
<ActAtRun>1</ActAtRun>
<UC4Priority>0</UC4Priority>
<PassPriority>0</PassPriority>
<MaxParallel2>0</MaxParallel2>
<ReuseHG>1</ReuseHG>
<MpElse1>1</MpElse1>
<MpElse2>0</MpElse2>
<TZ/>
<RWhen/>
<RExecute/>
<JPA_SubType/>
</ATTR_JOBP>
<JOBP state="1">
<JobpStruct mode="design">
<task Alias="" BranchType="0" Col="1" Lnr="1" OType="&lt;START&gt;" Object="START" ParentAlias="" ParentObject="" Row="2" Text2="">
<checkpoint RollbackFlag="0" RunPerPatch="0" RunPerTarget="0" TcpADays="0" TcpATime="00:00" TcpATimeTZ="" TcpExecute="" TcpOn="0" promptatgen="0" showprompt="0"/>
<after ActFlg="1" AtimOn="0" ErlstStDays="0" ErlstStTime="00:00" ErlstStTimeTZ="" HoldFlg="0"/>
<when ChkWhenExec="0" LtstEnd="0" LtstEndDays="0" LtstEndTime="00:00" LtstSt="0" LtstStDays="0" LtstStTime="00:00" LtstTimeTZ="" WCTypeAND="1" WCTypeOR="0" WElseA="0" WElseH="0" WElseS="1" WElseX="0" WhenExecute="" WtimOn="0"/>
<preconditions>
<PreCon>
<conditions id="CONDITIONS"/>
</PreCon>
</preconditions>
<predecessors/>
<runtime MrtCancel="0" MrtDays="0" MrtErt="0" MrtExecute="0" MrtExecuteObj="" MrtFix="0" MrtMethodDate="0" MrtMethodErt="0" MrtMethodFix="0" MrtMethodNone="1" MrtOn="1" MrtTZ="" MrtTime="00:00" SrtErt="0" SrtFix="0" SrtMethodErt="0" SrtMethodFix="0" SrtMethodNone="1"/>
<result ChkRExec="0" RElseHalt="0" RElseIgn="0" RElseJPAbend="0" RExecFlag="0" RExecute="" RRepMTimes="0" RRepOn="0" RRepWait="0" RWhen=""/>
<dynvalues>
<dyntree>
<node content="1" id="PCK.ITPA_SHARED.PUB.PROMPTSET.SUDO" name="PCK.ITPA_SHARED.PUB.PROMPTSET.SUDO" parent="PPRPTS" type="PPROMPTSET">
<PROMPTSET name="PCK.ITPA_SHARED.PUB.PROMPTSET.SUDO">
<PRPTBOX promptset="PCK.ITPA_SHARED.PUB.PROMPTSET.SUDO">
<UC4RB_SUDO_PASSWORDs.00 ReadFromTable="OPUD" altview="0" haslist="0" msginsert="" msgnr="" promptname="UC4RB_SUDO_PASSWORD#" promptsetname="PCK.ITPA_SHARED.PUB.PROMPTSET.SUDO">--10</UC4RB_SUDO_PASSWORDs.00>
<UC4RB_SUDO_USERs.00 ReadFromTable="OPUD" altview="0" haslist="0" msginsert="" msgnr="" promptname="UC4RB_SUDO_USER#" promptsetname="PCK.ITPA_SHARED.PUB.PROMPTSET.SUDO"/>
<UC4RB_USE_SUDOs.00 ReadFromTable="OPUD" altview="0" haslist="0" msginsert="" msgnr="" promptname="UC4RB_USE_SUDO#" promptsetname="PCK.ITPA_SHARED.PUB.PROMPTSET.SUDO">None</UC4RB_USE_SUDOs.00>
</PRPTBOX>
</PROMPTSET>
</node>
<node content="1" id="PKG.PRPT.SUDO.USING.UNIX.CMD" name="PKG.PRPT.SUDO.USING.UNIX.CMD" parent="PPRPTS" type="PPROMPTSET">
<PROMPTSET name="PKG.PRPT.SUDO.USING.UNIX.CMD">
<PRPTBOX promptset="PKG.PRPT.SUDO.USING.UNIX.CMD">
<PS_UNIX_COMMANDSs.00 ReadFromTable="OPUD" altview="0" haslist="0" msginsert="" msgnr="" promptname="PS_UNIX_COMMANDS#" promptsetname="PKG.PRPT.SUDO.USING.UNIX.CMD"/>
</PRPTBOX>
</PROMPTSET>
</node>
<node content="1" id="PCK.ITPA_SHARED.PRV.PROMPTSET.OVERWRITE_AGENT" name="PCK.ITPA_SHARED.PRV.PROMPTSET.OVERWRITE_AGENT" parent="PPRPTS" type="PPROMPTSET">
<PROMPTSET name="PCK.ITPA_SHARED.PRV.PROMPTSET.OVERWRITE_AGENT">
<PRPTBOX promptset="PCK.ITPA_SHARED.PRV.PROMPTSET.OVERWRITE_AGENT">
<AGENTs.00 ReadFromTable="OPUD" altview="0" haslist="0" msginsert="" msgnr="" promptname="AGENT#" promptsetname="PCK.ITPA_SHARED.PRV.PROMPTSET.OVERWRITE_AGENT"/>
<LOGINs.00 ReadFromTable="OPUD" altview="0" haslist="0" msginsert="" msgnr="" promptname="LOGIN#" promptsetname="PCK.ITPA_SHARED.PRV.PROMPTSET.OVERWRITE_AGENT"/>
</PRPTBOX>
</PROMPTSET>
</node>
</dyntree>
</dynvalues>
<CIT/>
<calendars CCTypeAll="0" CCTypeExt="0" CCTypeNone="0" CCTypeOne="1" CaleOn="0"/>
<postconditions>
<PostCon>
<conditions id="CONDITIONS"/>
</PostCon>
</postconditions>
</task>
<task Alias="" BranchType="0" Col="2" Lnr="2" OType="JOBS" Object="PKG.USING.SUDO.UNIX.JS" ParentAlias="" ParentObject="" Row="2" Text2="">
<checkpoint RollbackFlag="1" RunPerPatch="0" RunPerTarget="0" TcpADays="0" TcpATime="00:00" TcpATimeTZ="" TcpExecute="" TcpOn="0" promptatgen="0" showprompt="0"/>
<after ActFlg="1" AtimOn="0" ErlstStDays="0" ErlstStTime="00:00" ErlstStTimeTZ="" HoldFlg="0"/>
<when ChkWhenExec="0" LtstEnd="0" LtstEndDays="0" LtstEndTime="00:00" LtstSt="0" LtstStDays="0" LtstStTime="00:00" LtstTimeTZ="" WCTypeAND="1" WCTypeOR="0" WElseA="0" WElseH="1" WElseS="0" WElseX="0" WhenExecute="" WtimOn="0"/>
<preconditions>
<PreCon>
<conditions id="CONDITIONS"/>
</PreCon>
</preconditions>
<predecessors>
<pre BranchType="0" Lnr="1" PreLnr="1" When="ANY_OK" type="container"/>
</predecessors>
<runtime MrtCancel="0" MrtDays="0" MrtErt="0" MrtExecute="0" MrtExecuteObj="" MrtFix="0" MrtMethodDate="0" MrtMethodErt="0" MrtMethodFix="0" MrtMethodNone="1" MrtOn="1" MrtTZ="" MrtTime="00:00" SrtErt="0" SrtFix="0" SrtMethodErt="0" SrtMethodFix="0" SrtMethodNone="1"/>
<result ChkRExec="0" RElseHalt="0" RElseIgn="0" RElseJPAbend="0" RExecFlag="0" RExecute="" RRepMTimes="0" RRepOn="0" RRepWait="0" RWhen=""/>
<dynvalues>
<dyntree>
<node content="1" id="VALUE" name="Variables" parent="" type="TASKVALUE">
<VALUE state="2">
<Values/>
<Mode>0</Mode>
</VALUE>
</node>
<node content="1" id="PVALUE" name="Parent Variables" parent="" type="TASKVALUE">
<VALUE state="2">
<Values/>
<Mode>0</Mode>
</VALUE>
</node>
<node content="1" id="PRPTS" name="PromptSets" parent="" pref="1" type="PROMPTSET"/>
<node content="0" id="PPRPTS" name="Parent PromptSets" parent="" type="PPROMPTSET"/>
<node content="1" id="PCK.ITPA_SHARED.PUB.PROMPTSET.SUDO" name="PCK.ITPA_SHARED.PUB.PROMPTSET.SUDO" parent="PPRPTS" type="PPROMPTSET">
<PROMPTSET name="PCK.ITPA_SHARED.PUB.PROMPTSET.SUDO">
<PRPTBOX promptset="PCK.ITPA_SHARED.PUB.PROMPTSET.SUDO">
<UC4RB_SUDO_PASSWORDs.00 ReadFromTable="OPUD" altview="0" haslist="0" msginsert="" msgnr="" promptname="UC4RB_SUDO_PASSWORD#" promptsetname="PCK.ITPA_SHARED.PUB.PROMPTSET.SUDO">--10</UC4RB_SUDO_PASSWORDs.00>
<UC4RB_SUDO_USERs.00 ReadFromTable="OPUD" altview="0" haslist="0" msginsert="" msgnr="" promptname="UC4RB_SUDO_USER#" promptsetname="PCK.ITPA_SHARED.PUB.PROMPTSET.SUDO"/>
<UC4RB_USE_SUDOs.00 ReadFromTable="OPUD" altview="0" haslist="0" msginsert="" msgnr="" promptname="UC4RB_USE_SUDO#" promptsetname="PCK.ITPA_SHARED.PUB.PROMPTSET.SUDO">None</UC4RB_USE_SUDOs.00>
</PRPTBOX>
</PROMPTSET>
</node>
<node content="1" id="PKG.PRPT.SUDO.USING.UNIX.CMD" name="PKG.PRPT.SUDO.USING.UNIX.CMD" parent="PPRPTS" type="PPROMPTSET">
<PROMPTSET name="PKG.PRPT.SUDO.USING.UNIX.CMD">
<PRPTBOX promptset="PKG.PRPT.SUDO.USING.UNIX.CMD">
<PS_UNIX_COMMANDSs.00 ReadFromTable="OPUD" altview="0" haslist="0" msginsert="" msgnr="" promptname="PS_UNIX_COMMANDS#" promptsetname="PKG.PRPT.SUDO.USING.UNIX.CMD"/>
</PRPTBOX>
</PROMPTSET>
</node>
<node content="1" id="PCK.ITPA_SHARED.PRV.PROMPTSET.OVERWRITE_AGENT" name="PCK.ITPA_SHARED.PRV.PROMPTSET.OVERWRITE_AGENT" parent="PPRPTS" type="PPROMPTSET">
<PROMPTSET name="PCK.ITPA_SHARED.PRV.PROMPTSET.OVERWRITE_AGENT">
<PRPTBOX promptset="PCK.ITPA_SHARED.PRV.PROMPTSET.OVERWRITE_AGENT">
<AGENTs.00 ReadFromTable="OPUD" altview="0" haslist="0" msginsert="" msgnr="" promptname="AGENT#" promptsetname="PCK.ITPA_SHARED.PRV.PROMPTSET.OVERWRITE_AGENT"/>
<LOGINs.00 ReadFromTable="OPUD" altview="0" haslist="0" msginsert="" msgnr="" promptname="LOGIN#" promptsetname="PCK.ITPA_SHARED.PRV.PROMPTSET.OVERWRITE_AGENT"/>
</PRPTBOX>
</PROMPTSET>
</node>
</dyntree>
</dynvalues>
<CIT/>
<calendars CCTypeAll="0" CCTypeExt="0" CCTypeNone="0" CCTypeOne="1" CaleOn="0"/>
<postconditions>
<PostCon>
<conditions id="CONDITIONS"/>
</PostCon>
</postconditions>
</task>
<task Alias="" BranchType="0" Col="3" Lnr="3" OType="&lt;END&gt;" Object="END" ParentAlias="" ParentObject="" Row="2" Text2="">
<checkpoint RollbackFlag="0" RunPerPatch="0" RunPerTarget="0" TcpADays="0" TcpATime="00:00" TcpATimeTZ="" TcpExecute="" TcpOn="0" promptatgen="0" showprompt="0"/>
<after ActFlg="1" AtimOn="0" ErlstStDays="0" ErlstStTime="00:00" ErlstStTimeTZ="" HoldFlg="0"/>
<when ChkWhenExec="0" LtstEnd="0" LtstEndDays="0" LtstEndTime="00:00" LtstSt="0" LtstStDays="0" LtstStTime="00:00" LtstTimeTZ="" WCTypeAND="1" WCTypeOR="0" WElseA="1" WElseH="0" WElseS="0" WElseX="0" WhenExecute="" WtimOn="0"/>
<preconditions>
<PreCon>
<conditions id="CONDITIONS"/>
</PreCon>
</preconditions>
<predecessors>
<pre BranchType="0" Lnr="1" PreLnr="2" When="ANY_OK" type="container"/>
</predecessors>
<runtime MrtCancel="0" MrtDays="0" MrtErt="0" MrtExecute="0" MrtExecuteObj="" MrtFix="0" MrtMethodDate="0" MrtMethodErt="0" MrtMethodFix="0" MrtMethodNone="1" MrtOn="1" MrtTZ="" MrtTime="00:00" SrtErt="0" SrtFix="0" SrtMethodErt="0" SrtMethodFix="0" SrtMethodNone="1"/>
<result ChkRExec="0" RElseHalt="0" RElseIgn="0" RElseJPAbend="0" RExecFlag="0" RExecute="" RRepMTimes="0" RRepOn="0" RRepWait="0" RWhen=""/>
<dynvalues>
<dyntree>
<node content="1" id="PCK.ITPA_SHARED.PUB.PROMPTSET.SUDO" name="PCK.ITPA_SHARED.PUB.PROMPTSET.SUDO" parent="PPRPTS" type="PPROMPTSET">
<PROMPTSET name="PCK.ITPA_SHARED.PUB.PROMPTSET.SUDO">
<PRPTBOX promptset="PCK.ITPA_SHARED.PUB.PROMPTSET.SUDO">
<UC4RB_SUDO_PASSWORDs.00 ReadFromTable="OPUD" altview="0" haslist="0" msginsert="" msgnr="" promptname="UC4RB_SUDO_PASSWORD#" promptsetname="PCK.ITPA_SHARED.PUB.PROMPTSET.SUDO">--10</UC4RB_SUDO_PASSWORDs.00>
<UC4RB_SUDO_USERs.00 ReadFromTable="OPUD" altview="0" haslist="0" msginsert="" msgnr="" promptname="UC4RB_SUDO_USER#" promptsetname="PCK.ITPA_SHARED.PUB.PROMPTSET.SUDO"/>
<UC4RB_USE_SUDOs.00 ReadFromTable="OPUD" altview="0" haslist="0" msginsert="" msgnr="" promptname="UC4RB_USE_SUDO#" promptsetname="PCK.ITPA_SHARED.PUB.PROMPTSET.SUDO">None</UC4RB_USE_SUDOs.00>
</PRPTBOX>
</PROMPTSET>
</node>
<node content="1" id="PKG.PRPT.SUDO.USING.UNIX.CMD" name="PKG.PRPT.SUDO.USING.UNIX.CMD" parent="PPRPTS" type="PPROMPTSET">
<PROMPTSET name="PKG.PRPT.SUDO.USING.UNIX.CMD">
<PRPTBOX promptset="PKG.PRPT.SUDO.USING.UNIX.CMD">
<PS_UNIX_COMMANDSs.00 ReadFromTable="OPUD" altview="0" haslist="0" msginsert="" msgnr="" promptname="PS_UNIX_COMMANDS#" promptsetname="PKG.PRPT.SUDO.USING.UNIX.CMD"/>
</PRPTBOX>
</PROMPTSET>
</node>
<node content="1" id="PCK.ITPA_SHARED.PRV.PROMPTSET.OVERWRITE_AGENT" name="PCK.ITPA_SHARED.PRV.PROMPTSET.OVERWRITE_AGENT" parent="PPRPTS" type="PPROMPTSET">
<PROMPTSET name="PCK.ITPA_SHARED.PRV.PROMPTSET.OVERWRITE_AGENT">
<PRPTBOX promptset="PCK.ITPA_SHARED.PRV.PROMPTSET.OVERWRITE_AGENT">
<AGENTs.00 ReadFromTable="OPUD" altview="0" haslist="0" msginsert="" msgnr="" promptname="AGENT#" promptsetname="PCK.ITPA_SHARED.PRV.PROMPTSET.OVERWRITE_AGENT"/>
<LOGINs.00 ReadFromTable="OPUD" altview="0" haslist="0" msginsert="" msgnr="" promptname="LOGIN#" promptsetname="PCK.ITPA_SHARED.PRV.PROMPTSET.OVERWRITE_AGENT"/>
</PRPTBOX>
</PROMPTSET>
</node>
</dyntree>
</dynvalues>
<CIT/>
<calendars CCTypeAll="0" CCTypeExt="0" CCTypeNone="0" CCTypeOne="1" CaleOn="0"/>
<postconditions>
<PostCon>
<conditions id="CONDITIONS"/>
</PostCon>
</postconditions>
</task>
<OPTIONS/>
</JobpStruct>
</JOBP>
<RUNTIME state="1">
<MaxRetCode>0</MaxRetCode>
<MrcExecute/>
<MrcElseE>0</MrcElseE>
<FcstStatus>0| |</FcstStatus>
<Ert>36</Ert>
<ErtMethodDef>1</ErtMethodDef>
<ErtMethodFix>0</ErtMethodFix>
<ErtFix>0</ErtFix>
<ErtDynMethod>2|Average</ErtDynMethod>
<ErtMethodDyn>0</ErtMethodDyn>
<ErtCnt>0</ErtCnt>
<ErtCorr>0</ErtCorr>
<ErtIgn>0</ErtIgn>
<ErtIgnFlg>0</ErtIgnFlg>
<ErtMinCnt>0</ErtMinCnt>
<MrtMethodNone>1</MrtMethodNone>
<MrtMethodFix>0</MrtMethodFix>
<MrtFix>0</MrtFix>
<MrtMethodErt>0</MrtMethodErt>
<MrtErt>0</MrtErt>
<MrtMethodDate>0</MrtMethodDate>
<MrtDays>0</MrtDays>
<MrtTime>00:00</MrtTime>
<MrtTZ/>
<SrtMethodNone>1</SrtMethodNone>
<SrtMethodFix>0</SrtMethodFix>
<SrtFix>0</SrtFix>
<SrtMethodErt>0</SrtMethodErt>
<SrtErt>0</SrtErt>
<MrtCancel>0</MrtCancel>
<MrtExecute>0</MrtExecute>
<MrtExecuteObj/>
</RUNTIME>
<DYNVALUES state="1">
<dyntree>
<node content="1" id="VALUE" name="Variables" parent="" type="VALUE">
<VALUE state="1">
<Values/>
<Mode>0</Mode>
</VALUE>
</node>
<node content="1" id="PCK.ITPA_SHARED.PUB.PROMPTSET.SUDO" name="PCK.ITPA_SHARED.PUB.PROMPTSET.SUDO" parent="PRPTS" type="PROMPTSET">
<PROMPTSET name="PCK.ITPA_SHARED.PUB.PROMPTSET.SUDO" ontop="1">
<PRPTBOX promptset="PCK.ITPA_SHARED.PUB.PROMPTSET.SUDO" prptmode="1">
<UC4RB_SUDO_PASSWORDs.00 altview="0" haslist="0">--10</UC4RB_SUDO_PASSWORDs.00>
<UC4RB_USE_SUDOs.00 altview="0" haslist="0">None</UC4RB_USE_SUDOs.00>
<UC4RB_SUDO_USERs.00 altview="0" haslist="0"/>
</PRPTBOX>
</PROMPTSET>
</node>
<node content="1" id="PKG.PRPT.SUDO.USING.UNIX.CMD" name="PKG.PRPT.SUDO.USING.UNIX.CMD" parent="PRPTS" type="PROMPTSET">
<PROMPTSET name="PKG.PRPT.SUDO.USING.UNIX.CMD" ontop="1">
<PRPTBOX promptset="PKG.PRPT.SUDO.USING.UNIX.CMD" prptmode="1">
<PS_UNIX_COMMANDSs.00 altview="0" haslist="0"/>
</PRPTBOX>
</PROMPTSET>
</node>
<node content="1" id="PCK.ITPA_SHARED.PRV.PROMPTSET.OVERWRITE_AGENT" name="PCK.ITPA_SHARED.PRV.PROMPTSET.OVERWRITE_AGENT" parent="PRPTS" type="PROMPTSET">
<PROMPTSET name="PCK.ITPA_SHARED.PRV.PROMPTSET.OVERWRITE_AGENT" ontop="1">
<PRPTBOX promptset="PCK.ITPA_SHARED.PRV.PROMPTSET.OVERWRITE_AGENT" prptmode="1">
<AGENTs.00 altview="0" haslist="0"/>
<LOGINs.00 altview="0" haslist="0"/>
</PRPTBOX>
</PROMPTSET>
</node>
</dyntree>
</DYNVALUES>
<DEPLOYMENT state="1">
<DeploymentFlag>0</DeploymentFlag>
<WFTypeA>1</WFTypeA>
<WFTypeC>0</WFTypeC>
<AppName/>
<WFName/>
<ComponentName/>
</DEPLOYMENT>
<ROLLBACK state="1">
<RollbackFlag>0</RollbackFlag>
<CBackupObj/>
<CRollbackObj/>
<FBackupPath/>
<FDeleteBefore>0</FDeleteBefore>
<FInclSubDirs>0</FInclSubDirs>
</ROLLBACK>
<SCRIPT mode="1" state="1">
<MSCRI/>
</SCRIPT>
<DOCU_Docu state="1" type="text">
<DOC/>
</DOCU_Docu>
</JOBP>
<JOBS_UNIX AttrType="UNIX" name="PKG.USING.SUDO.UNIX.JS">
<XHEADER state="1">
<Title>Using Unix Sudo to execute UNIX commands</Title>
<ArchiveKey1/>
<ArchiveKey2/>
<Active>1</Active>
<OH_SubType/>
<CustomAttributes KeyListID="0" dataRequestID="0"/>
</XHEADER>
<OUTPUTREG state="1">
<FileReg/>
</OUTPUTREG>
<SYNCREF state="1">
<Syncs/>
</SYNCREF>
<ATTR_JOBS state="1">
<Queue>CLIENT_QUEUE</Queue>
<StartType/>
<HostDst>|&lt;UNIX&gt;|HOST</HostDst>
<HostATTR_Type>UNIX</HostATTR_Type>
<CodeName/>
<Login/>
<IntAccount/>
<ExtRepDef>1</ExtRepDef>
<ExtRepAll>0</ExtRepAll>
<ExtRepNone>0</ExtRepNone>
<AutoDeactNo>0</AutoDeactNo>
<AutoDeact1ErrorFree>0</AutoDeact1ErrorFree>
<AutoDeactErrorFree>0</AutoDeactErrorFree>
<DeactWhen/>
<DeactDelay>0</DeactDelay>
<AutoDeactAlways>1</AutoDeactAlways>
<AttDialog>0</AttDialog>
<ActAtRun>1</ActAtRun>
<Consumption>0</Consumption>
<UC4Priority>0</UC4Priority>
<MaxParallel2>0</MaxParallel2>
<MpElse1>1</MpElse1>
<MpElse2>0</MpElse2>
<TZ/>
</ATTR_JOBS>
<ATTR_UNIX state="1">
<OutputDb>1</OutputDb>
<OutputDbErr>0</OutputDbErr>
<OutputFile>0</OutputFile>
<ShellScript>1</ShellScript>
<Command>0</Command>
<Priority>0</Priority>
<Shell/>
<ShellOptions/>
<Com/>
</ATTR_UNIX>
<RUNTIME state="1">
<MaxRetCode>0</MaxRetCode>
<MrcExecute/>
<MrcElseE>0</MrcElseE>
<FcstStatus>0| |</FcstStatus>
<Ert>36</Ert>
<ErtMethodDef>1</ErtMethodDef>
<ErtMethodFix>0</ErtMethodFix>
<ErtFix>0</ErtFix>
<ErtDynMethod>2|Average</ErtDynMethod>
<ErtMethodDyn>0</ErtMethodDyn>
<ErtCnt>0</ErtCnt>
<ErtCorr>0</ErtCorr>
<ErtIgn>0</ErtIgn>
<ErtIgnFlg>0</ErtIgnFlg>
<ErtMinCnt>0</ErtMinCnt>
<MrtMethodNone>1</MrtMethodNone>
<MrtMethodFix>0</MrtMethodFix>
<MrtFix>0</MrtFix>
<MrtMethodErt>0</MrtMethodErt>
<MrtErt>0</MrtErt>
<MrtMethodDate>0</MrtMethodDate>
<MrtDays>0</MrtDays>
<MrtTime>00:00</MrtTime>
<MrtTZ/>
<SrtMethodNone>1</SrtMethodNone>
<SrtMethodFix>0</SrtMethodFix>
<SrtFix>0</SrtFix>
<SrtMethodErt>0</SrtMethodErt>
<SrtErt>0</SrtErt>
<MrtCancel>0</MrtCancel>
<MrtExecute>0</MrtExecute>
<MrtExecuteObj/>
</RUNTIME>
<DYNVALUES state="1">
<dyntree>
<node content="1" id="VALUE" name="Variables" parent="" type="VALUE">
<VALUE state="1">
<Values/>
<Mode>0</Mode>
</VALUE>
</node>
</dyntree>
</DYNVALUES>
<ROLLBACK state="1">
<RollbackFlag>0</RollbackFlag>
<CBackupObj/>
<CRollbackObj/>
<FBackupPath/>
<FDeleteBefore>0</FDeleteBefore>
<FInclSubDirs>0</FInclSubDirs>
</ROLLBACK>
<PRE_SCRIPT mode="1" replacementmode="1" state="1">
<PSCRI><![CDATA[:INC PCK.ITPA_SHARED.PUB.INCLUDE.START_STOP_JOB_ACCORDING_TO_AGENT_OS]]></PSCRI>
</PRE_SCRIPT>
<SCRIPT mode="1" state="1">
<MSCRI><![CDATA[:ATTACH_RES "PCK.ITPA_SHARED.PRV.STORE", "ITPATOOL.JAR", C, N
:SET &SHARED_TOOL_JAR# = STR_CAT(&$AGENT_RESOURCES_CLIENT#, "itpa-tool.jar")

:DEFINE &STRING_ARR#, string, 30
:INC PCK.ITPA_SHARED.PUB.INCLUDE.SUDOERS_HEADER
:INC PCK.ITPA_SHARED.PRV.INCLUDE.LOGGING.HEADER.EXECUTION

&PS_UNIX_COMMANDS#

:IF &$PLATFORM# = "UNIX"
:  IF &USE_SUDO# = "Yes"
EOF
:    SET &UC4RB_ENCRYPTED_PASSWORD_TMP# = GET_PUBLISHED_VALUE(&$RUNID#, UC4RB_SUDO_PASSWORD#)
:    INCLUDE PCK.ITPA_SHARED.PRV.INCLUDE.DECRYPT_PASSWORD
:    IF &PARAM_SUDO_PASSWORD# NE ""
sudo -k
sudo -u &UC4RB_SUDO_USER# -S -s -p '' <<EOF
$UC4_DECRYPTED_PWD
$SHELL &UC4RB_AGENT_TEMP_SUDO_FILE#
EOF
:    ELSE
sudo -k
sudo -u &UC4RB_SUDO_USER# -s -p '' <<EOF
$SHELL &UC4RB_AGENT_TEMP_SUDO_FILE#
EOF
:    ENDIF
:    INC PCK.ITPA_SHARED.PRV.INCLUDE.CHECK_SHELL_CMD@UNIX
rm -f '&UC4RB_AGENT_TEMP_SUDO_FILE#'
:  ENDIF
:ENDIF

]]></MSCRI>
</SCRIPT>
<OUTPUTSCAN state="1">
<Inherit>N</Inherit>
<filterobjects/>
<HostFsc/>
<LoginFsc/>
</OUTPUTSCAN>
<POST_SCRIPT mode="1" replacementmode="1" state="1">
<OSCRI/>
</POST_SCRIPT>
<DOCU_Docu state="1" type="text">
<DOC/>
</DOCU_Docu>
</JOBS_UNIX>
<PRPT name="PCK.CUSTOM_USING_SUDO_ON_UNIX.PRV.PROMPTSET.USING_SUDO_UNDER_UNIX">
<HEADER state="1">
<Title>Input</Title>
<ArchiveKey1/>
<ArchiveKey2/>
<OH_SubType/>
</HEADER>
<PROMPTDESIGNER state="1">
<DESIGNER/>
</PROMPTDESIGNER>
<PROMPTSETXUI state="1">
<XUIEDITOR><![CDATA[<dialog height="424" icon="PRPT" id="PRPTS" left="0" top="0" width="441"><readpanel fill="b" id="PRPTBOX" nl="1" scroll="v" text="Promptset"><properties><entry name="text">Promptset</entry><entry name="modifiable">0</entry></properties></readpanel></dialog>]]></XUIEDITOR>
</PROMPTSETXUI>
<PROMPTSETDATA state="1">
<DATAEDITOR><![CDATA[<PRPTS ontop="1"><PRPTBOX/></PRPTS>]]></DATAEDITOR>
</PROMPTSETDATA>
<DOCU_Docu state="1" type="text">
<DOC/>
</DOCU_Docu>
</PRPT>
<PRPT name="PKG.PRPT.SUDO.USING.UNIX.CMD">
<HEADER state="1">
<Title>Command(s) to be executed by SUDO</Title>
<ArchiveKey1/>
<ArchiveKey2/>
<OH_SubType/>
</HEADER>
<PROMPTDESIGNER state="1">
<DESIGNER/>
</PROMPTDESIGNER>
<PROMPTSETXUI state="1">
<XUIEDITOR><![CDATA[<dialog height="506" icon="PRPT" id="PRPTS" left="279" top="4" width="420"><readpanel fill="b" id="PRPTBOX" nl="1" scroll="v" text="Command(s) to be executed by SUDO"><properties><entry name="text">Command(s) to be executed by SUDO</entry><entry name="modifiable">0</entry></properties><text alt="1" enabled="1" fill="b" focus="0" id="PS_UNIX_COMMANDSs.00" inputassistance="0" len="" multiline="1" multilineIcon="0" nl="1" regex="" resetable="1" separator=";" showaspassword="0" text="Unix Commands" tooltip="" upper="0" required="0"><oninputassistant><command request="_internal" target="_view" targetaction="setAttribute" targetparam="promptname|@id"/><command request="_internal" target="_view" targetaction="setAttribute" targetparam="promptvalue|@value"/><command owner="_promptsetcontainer" owneraction="getData" request="getpromptinputassistance" target="_chainwindow"/></oninputassistant><properties><entry listparam="C" name="reference" reftype="STATIC">UC_DATATYPE_STRING</entry><entry name="text">Unix Commands</entry><entry name="multiselect">0</entry><entry name="separator">;</entry><entry name="len"/><entry name="quotes"/><entry name="id">PS_UNIX_COMMANDSs.00</entry><entry name="inputassistance">0</entry><entry name="enabled">0</entry><entry name="upper">0</entry><entry name="focus">0</entry><entry name="showaspassword">0</entry><entry name="tooltip"/><entry name="customfield"/><entry name="xmlkey"/><entry name="xmlpath"/><entry name="modifiable">1</entry><entry name="multiline">1</entry><entry name="multilineIcon">0</entry><entry name="regex"/><entry name="required">1</entry><entry name="resetable">1</entry><entry name="initvalue"/><entry name="onchangereset"/></properties></text></readpanel></dialog>]]></XUIEDITOR>
</PROMPTSETXUI>
<PROMPTSETDATA state="1">
<DATAEDITOR><![CDATA[<PRPTS ontop="1"><PRPTBOX><PS_UNIX_COMMANDSs.00 haslist="0" msgnr="-1" msginsert="" altview="0" promptname="PS_UNIX_COMMANDS#" ReadFromTable="OPSE"></PS_UNIX_COMMANDSs.00></PRPTBOX></PRPTS>]]></DATAEDITOR>
</PROMPTSETDATA>
<DOCU_Docu state="1" type="text">
<DOC/>
</DOCU_Docu>
</PRPT>
</uc-export>