<?xml version="1.0" encoding="ISO-8859-15"?>
<uc-export clientvers="12.0.1+build.8521">
<DOCU name="PCK.CUSTOM_USING_SUDO_ON_UNIX.PUB.DOC">
<HEADER state="1">
<Title>Pack Documentation</Title>
<ArchiveKey1/>
<ArchiveKey2/>
<OH_SubType/>
</HEADER>
<DOCU_Docu state="1" type="text">
<DOC><![CDATA[= About SUDO Action pack =
============================================
This Action Pack is intended to use SUDO in order to execute UNIX commands. 

It is useful for Unix Agents which does not run as root nor uses the sticky bit. SUDO allows to execute Jobs with a different user than the user which runs the Agent.

Not mention that the Action expects a correct sudoers configuration. 

Note this action pack uses the Sudo functions from ITPA Action pack which is only available on v12+.


= Setup =
========
No special setup required.


= Using the SUDO Action =
===============================================
Following configuration settings are available.

Sudo password: Password of the user which runs the Unix agent and *not* the user which is designated to run the UNIX command
Options: Make sure that the 'Sudo' options is set.
Sudo Username: The username which is designated to run the give UNIX commands

UNIX Commands: One or more UNIX commands to be executed by the designated user using Sudo. Automic variables can also be used.

Overwrite Agent: Name of the Unix Agent to be used to execute Sudo
Overwrite Login: Name of the Login Object for the user which executes the Action Job. It is the user which executes Sudo command. ]]></DOC>
</DOCU_Docu>
</DOCU>
</uc-export>